列車番号,,1501H,1503H,3901M,回251H,1505H,5101M,回253H,回255H,1507H,5103M,1509H,1511H,3101H,3903M,1513H,4105M,4505H,1515H,3103H,1517H,5107M,5707H,3105H,1519H,1521H,2301H,4111M,4711H,3905M,1523H,3109H,4113M,1525H,3111H,3907M,1527H,3113H,1529H,3115H,4115M,4515H,1531H,3117H,1533H,5117M,5517H,1535H,3119H,1537H,3121H,1539H,4119M,4519H,3123H,1541H,3125H,1543H,回257H,4121M,4521H,1545H,回259H,3127H,1547H,4125M,4525H,1549H,3129H,1551H,4127M,4527H,1553H,回1553H,3131H,1555H,4131M,4531H,1557H,3133H,回261H,1559H,4133M,4533H,1561H,4135M,4535H,2303H,1563H,4137M,4537H,2305H,1565H,4139M,4539H,2307H,1567H,4141M,4541H,2309H,1569H,4143M,4543H,2311H,1571H,4145M,4545H,2313H,1573H,4147M,4547H,2315H,1575H,4149M,4549H,2317H,1577H,4151M,4551H,2319H,1579H,4153M,4553H,2321H,1581H,4155M,4555H,2323H,1583H,4157M,4557H,2325H,1585H,4159M,4559H,2327H,1587H,4161M,4561H,2329H,1589H,4163M,4563H,2331H,1591H,4165M,4565H,2333H,1593H,4167M,4567H,2335H,1595H,4169M,4569H,2337H,1597H,4171M,4571H,2339H,1599H,4173M,4573H,2341H,1601H,4175M,4575H,2343H,1603H,4177M,4577H,2345H,1605H,4179M,4579H,3137H,1607H,4181M,4581H,3139H,1609H,回651H,4183M,4583H,3141H,1611H,4185M,4585H,3143H,1613H,4187M,4587H,3145H,1617H,4189M,4589H,3147H,1619H,回659H,4191M,4591H,3149H,1621H,4193M,4593H,1623H,3151H,4195M,4595H,1625H,3153H,4197M,4597H,1627H,3155H,1629H,回669H,4199M,4599H,3157H,1631H,4201M,4601H,1633H,3159H,4203M,4603H,1635H,3161H,4205M,4605H,1637H,3163H,1639H,4207M,4607H,3165H,1641H,回1641H,4209M,4609H,1643H,3167H,4211M,4611H,1645H,3169H,4213M,1647H,3171H,1649H,4215M,4615H,3173H,1651H,4217M,1653H,3175H,4219M,4619H,1655H,3177H,4221M,1657H,3179H,1659H,4223M,1661H,4225M,3181H,1663H,4227M,1665H,4229M,3183H,1667H,4231M,1669H,4233M,4633H,1671H,4235M,4635H,1673H,1675H,4237M,1677H,4239M,1679H,4241M,1681H,1683H
運用番号,,158,67,174+122,62,69,162+144,132+140,66,115,130,126,113,137,171+157,125,180+143,143,154,159+142,173,179+151,151,166+161,116,114,70,163+155,155,179,111,135+123,183+181,61,146+138,163,65,147+139,158,166+161,177+184,184,154,159+142,62,172+176,176,67,135+123,68,185+133,66,128+129,129,165+164,64,121+124,63,166+161,156+182,182,126,146+138,131+160,69,162+144,144,125,169+153,134,130+175,175,148,148,159+142,115,136+170,170,114,135+123,113,65,132+140,140,158,174+122,122,133,173,163+155,155,185,62,179+150,150,124,70,171+157,157,160,116,177+143,143,165,64,172+181,181,148,63,128+183,183,169,125,156+184,184,131,134,176+164,164,159,113,162+129,129,185,173,130+154,154,123,158,136+182,182,133,116,144+142,142,124,125,132+126,126,165,67,174+175,175,148,113,163+170,170,114,173,179+140,140,169,158,171+122,122,160,116,177+155,155,185,125,172+150,150,131,67,128+157,157,123,62,156+181,181,159,64,176+183,183,124,65,162+143,143,168+167,70,70,130+184,184,148,125,136+129,129,179+126,115,144+164,164,171+175,133,132+154,154,146+138,63,63,174+182,182,165+160,114,163+142,142,173,135+169,147+139,139,66,185+123,180+127,127,153,166+161,68,68,177+170,170,179+126,67,172+140,140,69,168+167,128+122,122,62,146+138,156+155,155,64,159+131,65,150+176,176,135+169,124,124,157+162,162,113,171+175,181+130,130,125,166+161,183+136,115,165+160,133,143+144,144,168+167,70,184+132,158,185+123,129+174,174,63,159+131,164+163,66,179+126,173,154+147,153,182+180,146+138,114,142+177,62,145+137,155+181,68,127+128,67,139+172,172,69,140+150,140,64,134,170+156,124,122+157,65,184+132,70,125
天王寺,発,,,,,511,525,,,539,554,555,606,610,,622,626,,630,640,642,645,,654,656,704,709,714,,,716,720,725,727,733,,734,742,743,745,751,,753,800,802,805,,810,815,817,821,823,825,,832,833,842,843,847,849,,856,902,905,907,913,,915,924,925,929,,935,,943,946,953,,959,1004,1010,1012,1015,,1023,1025,,1035,1038,1040,,1049,1053,1055,,1104,1108,1110,,1119,1123,1125,,1134,1138,1140,,1149,1153,1155,,1204,1208,1210,,1219,1223,1225,,1234,1238,1240,,1249,1253,1255,,1304,1308,1310,,1319,1323,1325,,1334,1338,1340,,1349,1353,1355,,1404,1408,1410,,1419,1423,1425,,1434,1438,1440,,1449,1453,1455,,1504,1508,1510,,1519,1523,1525,,1534,1538,1540,,1549,1553,1555,,1604,1608,1610,,1619,1623,,1627,,1635,1638,1643,,1652,1654,1658,,1707,1710,1714,,1723,1725,,1730,,1737,1738,1744,,1747,1752,1759,,1801,1807,1812,,1814,1823,1825,,1830,,1837,1838,1844,,1847,1852,1859,,1901,1907,1912,,1914,1923,1925,1930,,1937,1938,,1944,,1947,1952,1959,,2001,2007,2012,2014,2023,2025,2030,,2037,2038,2044,2047,2052,2059,,2101,2107,2112,2114,2123,2125,2130,2138,2144,2151,2155,2159,2209,2214,2221,2223,2230,2237,2245,,2250,2302,,2304,2318,2324,2333,2342,2352,0,8,24
美章園,発,,,,,514, ﾚ,,,542, ﾚ,558,608, ﾚ,,625, ﾚ,,633, ﾚ,644, ﾚ,, ﾚ,658,706, ﾚ, ﾚ,,,719, ﾚ, ﾚ,729, ﾚ,,737, ﾚ,746, ﾚ, ﾚ,,755, ﾚ,804, ﾚ,,812, ﾚ,819, ﾚ,825, ﾚ,, ﾚ,836, ﾚ,846, ﾚ, ﾚ,,859, ﾚ, ﾚ,909, ﾚ,,917, ﾚ,928, ﾚ,,938,, ﾚ,948, ﾚ,,1002, ﾚ, ﾚ,1014, ﾚ,,1025, ﾚ,, ﾚ,1040, ﾚ,, ﾚ,1055, ﾚ,, ﾚ,1110, ﾚ,, ﾚ,1125, ﾚ,, ﾚ,1140, ﾚ,, ﾚ,1155, ﾚ,, ﾚ,1210, ﾚ,, ﾚ,1225, ﾚ,, ﾚ,1240, ﾚ,, ﾚ,1255, ﾚ,, ﾚ,1310, ﾚ,, ﾚ,1325, ﾚ,, ﾚ,1340, ﾚ,, ﾚ,1355, ﾚ,, ﾚ,1410, ﾚ,, ﾚ,1425, ﾚ,, ﾚ,1440, ﾚ,, ﾚ,1455, ﾚ,, ﾚ,1510, ﾚ,, ﾚ,1525, ﾚ,, ﾚ,1540, ﾚ,, ﾚ,1555, ﾚ,, ﾚ,1610, ﾚ,, ﾚ,1625,, ﾚ,, ﾚ,1640, ﾚ,, ﾚ,1656, ﾚ,, ﾚ,1712, ﾚ,, ﾚ,1728,, ﾚ,, ﾚ,1741, ﾚ,,1749, ﾚ, ﾚ,,1803, ﾚ, ﾚ,,1816, ﾚ,1828,, ﾚ,, ﾚ,1841, ﾚ,,1849, ﾚ, ﾚ,,1903, ﾚ, ﾚ,,1917, ﾚ,1928, ﾚ,, ﾚ,1941,, ﾚ,,1949, ﾚ, ﾚ,,2003, ﾚ, ﾚ,2017, ﾚ,2028, ﾚ,, ﾚ,2041, ﾚ,2049, ﾚ, ﾚ,,2103, ﾚ, ﾚ,2117, ﾚ,2128, ﾚ,2141, ﾚ, ﾚ,2158, ﾚ,2212, ﾚ, ﾚ,2226, ﾚ,2239, ﾚ,,2252, ﾚ,,2307,2320, ﾚ,2335, ﾚ,2354, ﾚ,10,26
南田辺,発,,,,,516, ﾚ,,,544, ﾚ,600,610, ﾚ,,627, ﾚ,,635, ﾚ,646, ﾚ,, ﾚ,700,708, ﾚ, ﾚ,,,721, ﾚ, ﾚ,731, ﾚ,,739, ﾚ,748, ﾚ, ﾚ,,757, ﾚ,807, ﾚ,,815, ﾚ,821, ﾚ,828, ﾚ,, ﾚ,838, ﾚ,848, ﾚ, ﾚ,,901, ﾚ, ﾚ,912, ﾚ,,919, ﾚ,930, ﾚ,,940,, ﾚ,950, ﾚ,,1004, ﾚ, ﾚ,1016, ﾚ,,1027, ﾚ,, ﾚ,1042, ﾚ,, ﾚ,1057, ﾚ,, ﾚ,1112, ﾚ,, ﾚ,1127, ﾚ,, ﾚ,1142, ﾚ,, ﾚ,1157, ﾚ,, ﾚ,1212, ﾚ,, ﾚ,1227, ﾚ,, ﾚ,1242, ﾚ,, ﾚ,1257, ﾚ,, ﾚ,1312, ﾚ,, ﾚ,1327, ﾚ,, ﾚ,1342, ﾚ,, ﾚ,1357, ﾚ,, ﾚ,1412, ﾚ,, ﾚ,1427, ﾚ,, ﾚ,1442, ﾚ,, ﾚ,1457, ﾚ,, ﾚ,1512, ﾚ,, ﾚ,1527, ﾚ,, ﾚ,1542, ﾚ,, ﾚ,1557, ﾚ,, ﾚ,1612, ﾚ,, ﾚ,1627,, ﾚ,, ﾚ,1642, ﾚ,, ﾚ,1659, ﾚ,, ﾚ,1715, ﾚ,, ﾚ,1730,, ﾚ,, ﾚ,1743, ﾚ,,1752, ﾚ, ﾚ,,1806, ﾚ, ﾚ,,1819, ﾚ,1830,, ﾚ,, ﾚ,1843, ﾚ,,1852, ﾚ, ﾚ,,1906, ﾚ, ﾚ,,1919, ﾚ,1930, ﾚ,, ﾚ,1943,, ﾚ,,1952, ﾚ, ﾚ,,2006, ﾚ, ﾚ,2019, ﾚ,2030, ﾚ,, ﾚ,2043, ﾚ,2052, ﾚ, ﾚ,,2106, ﾚ, ﾚ,2119, ﾚ,2130, ﾚ,2143, ﾚ, ﾚ,2200, ﾚ,2214, ﾚ, ﾚ,2228, ﾚ,2241, ﾚ,,2254, ﾚ,,2309,2322, ﾚ,2337, ﾚ,2357, ﾚ,13,28
鶴ヶ丘,発,,,,,518, ﾚ,,,546, ﾚ,602,617, ﾚ,,631, ﾚ,,637, ﾚ,650, ﾚ,, ﾚ,702,714, ﾚ, ﾚ,,,725, ﾚ, ﾚ,733, ﾚ,,741, ﾚ,751, ﾚ, ﾚ,,759, ﾚ,810, ﾚ,,820, ﾚ,826, ﾚ,832, ﾚ,, ﾚ,840, ﾚ,854, ﾚ, ﾚ,,903,912, ﾚ,913, ﾚ,,921, ﾚ,934, ﾚ,,942,, ﾚ,954, ﾚ,,1009, ﾚ,1014?,1020, ﾚ,,1031, ﾚ,, ﾚ,1046, ﾚ,, ﾚ,1101, ﾚ,, ﾚ,1116, ﾚ,, ﾚ,1131, ﾚ,, ﾚ,1146, ﾚ,, ﾚ,1201, ﾚ,, ﾚ,1216, ﾚ,, ﾚ,1231, ﾚ,, ﾚ,1246, ﾚ,, ﾚ,1301, ﾚ,, ﾚ,1316, ﾚ,, ﾚ,1331, ﾚ,, ﾚ,1346, ﾚ,, ﾚ,1401, ﾚ,, ﾚ,1416, ﾚ,, ﾚ,1431, ﾚ,, ﾚ,1446, ﾚ,, ﾚ,1501, ﾚ,, ﾚ,1516, ﾚ,, ﾚ,1531, ﾚ,, ﾚ,1546, ﾚ,, ﾚ,1601, ﾚ,, ﾚ,1616, ﾚ,, ﾚ,1632,, ﾚ,, ﾚ,1648, ﾚ,, ﾚ,1704, ﾚ,, ﾚ,1719, ﾚ,, ﾚ,1735,, ﾚ,, ﾚ,1749, ﾚ,,1758, ﾚ, ﾚ,,1812, ﾚ, ﾚ,,1821, ﾚ,1835,, ﾚ,, ﾚ,1849, ﾚ,,1858, ﾚ, ﾚ,,1912, ﾚ, ﾚ,,1921, ﾚ,1935, ﾚ,, ﾚ,1949,, ﾚ,,1958, ﾚ, ﾚ,,2012, ﾚ, ﾚ,2021, ﾚ,2035, ﾚ,, ﾚ,2049, ﾚ,2058, ﾚ, ﾚ,,2112, ﾚ, ﾚ,2121, ﾚ,2135, ﾚ,2149, ﾚ, ﾚ,2204, ﾚ,2219, ﾚ, ﾚ,2230, ﾚ,2243, ﾚ,,2256, ﾚ,,2311,2324, ﾚ,2339, ﾚ,2359, ﾚ,15,30
長居,発,,,,,520, ﾚ,,,548, ﾚ,604,619, ﾚ,,632, ﾚ,,639, ﾚ,652, ﾚ,, ﾚ,704,716, ﾚ, ﾚ,,,727, ﾚ, ﾚ,735, ﾚ,,743, ﾚ,753, ﾚ, ﾚ,,801, ﾚ,812, ﾚ,,822, ﾚ,828, ﾚ,834, ﾚ,, ﾚ,842, ﾚ,856, ﾚ, ﾚ,,905, ﾚ, ﾚ,915, ﾚ,,923, ﾚ,935, ﾚ,,944,, ﾚ,956, ﾚ,,1011, ﾚ, ﾚ,1022, ﾚ,,1033, ﾚ,, ﾚ,1048, ﾚ,, ﾚ,1103, ﾚ,, ﾚ,1118, ﾚ,, ﾚ,1133, ﾚ,, ﾚ,1148, ﾚ,, ﾚ,1203, ﾚ,, ﾚ,1218, ﾚ,, ﾚ,1233, ﾚ,, ﾚ,1248, ﾚ,, ﾚ,1303, ﾚ,, ﾚ,1318, ﾚ,, ﾚ,1333, ﾚ,, ﾚ,1348, ﾚ,, ﾚ,1403, ﾚ,, ﾚ,1418, ﾚ,, ﾚ,1433, ﾚ,, ﾚ,1448, ﾚ,, ﾚ,1503, ﾚ,, ﾚ,1518, ﾚ,, ﾚ,1533, ﾚ,, ﾚ,1548, ﾚ,, ﾚ,1603, ﾚ,, ﾚ,1618, ﾚ,, ﾚ,1634,, ﾚ,, ﾚ,1650, ﾚ,, ﾚ,1706, ﾚ,, ﾚ,1721, ﾚ,, ﾚ,1737,, ﾚ,, ﾚ,1751, ﾚ,,1800, ﾚ, ﾚ,,1814, ﾚ, ﾚ,,1823, ﾚ,1837,, ﾚ,, ﾚ,1851, ﾚ,,1900, ﾚ, ﾚ,,1914, ﾚ, ﾚ,,1923, ﾚ,1937, ﾚ,, ﾚ,1951,, ﾚ,,2000, ﾚ, ﾚ,,2014, ﾚ, ﾚ,2023, ﾚ,2037, ﾚ,, ﾚ,2051, ﾚ,2100, ﾚ, ﾚ,,2114, ﾚ, ﾚ,2123, ﾚ,2137, ﾚ,2151, ﾚ, ﾚ,2206, ﾚ,2221, ﾚ, ﾚ,2232, ﾚ,2245, ﾚ,,2258, ﾚ,,2313,2326, ﾚ,2341, ﾚ,0, ﾚ,16,32
我孫子町,発,,,,,521, ﾚ,,,549, ﾚ,606,621, ﾚ,,634, ﾚ,,641, ﾚ,654, ﾚ,, ﾚ,706,718, ﾚ, ﾚ,,,728, ﾚ, ﾚ,737, ﾚ,,745, ﾚ,755, ﾚ, ﾚ,,803, ﾚ,814, ﾚ,,824, ﾚ,830, ﾚ,836, ﾚ,, ﾚ,844, ﾚ,858, ﾚ, ﾚ,,907, ﾚ, ﾚ,917, ﾚ,,925, ﾚ,937, ﾚ,,945,, ﾚ,958, ﾚ,,1013, ﾚ, ﾚ,1024, ﾚ,,1035, ﾚ,, ﾚ,1050, ﾚ,, ﾚ,1105, ﾚ,, ﾚ,1120, ﾚ,, ﾚ,1135, ﾚ,, ﾚ,1150, ﾚ,, ﾚ,1205, ﾚ,, ﾚ,1220, ﾚ,, ﾚ,1235, ﾚ,, ﾚ,1250, ﾚ,, ﾚ,1305, ﾚ,, ﾚ,1320, ﾚ,, ﾚ,1335, ﾚ,, ﾚ,1350, ﾚ,, ﾚ,1405, ﾚ,, ﾚ,1420, ﾚ,, ﾚ,1435, ﾚ,, ﾚ,1450, ﾚ,, ﾚ,1505, ﾚ,, ﾚ,1520, ﾚ,, ﾚ,1535, ﾚ,, ﾚ,1550, ﾚ,, ﾚ,1605, ﾚ,, ﾚ,1620, ﾚ,, ﾚ,1636,, ﾚ,, ﾚ,1652, ﾚ,, ﾚ,1708, ﾚ,, ﾚ,1724, ﾚ,, ﾚ,1739,, ﾚ,, ﾚ,1754, ﾚ,,1802, ﾚ, ﾚ,,1816, ﾚ, ﾚ,,1825, ﾚ,1839,, ﾚ,, ﾚ,1854, ﾚ,,1902, ﾚ, ﾚ,,1916, ﾚ, ﾚ,,1925, ﾚ,1939, ﾚ,, ﾚ,1954,, ﾚ,,2002, ﾚ, ﾚ,,2016, ﾚ, ﾚ,2025, ﾚ,2039, ﾚ,, ﾚ,2054, ﾚ,2102, ﾚ, ﾚ,,2116, ﾚ, ﾚ,2125, ﾚ,2139, ﾚ,2153, ﾚ, ﾚ,2209, ﾚ,2223, ﾚ, ﾚ,2234, ﾚ,2247, ﾚ,,2300, ﾚ,,2315,2328, ﾚ,2343, ﾚ,2, ﾚ,18,34
杉本町,発,,,,,524, ﾚ,,,552, ﾚ,608,624, ﾚ,,637, ﾚ,,647, ﾚ,656, ﾚ,, ﾚ,708,722, ﾚ, ﾚ,,,734, ﾚ, ﾚ,741, ﾚ,,751, ﾚ,800, ﾚ, ﾚ,,809, ﾚ,818, ﾚ,,828, ﾚ,834, ﾚ,840, ﾚ,, ﾚ,850, ﾚ,902, ﾚ, ﾚ,,913, 918?, ﾚ,921, ﾚ,,931, ﾚ,942, ﾚ,,950,, ﾚ,1003, ﾚ,,1017, ﾚ,1016?,1028, ﾚ,,1042, ﾚ,, ﾚ,1057, ﾚ,, ﾚ,1112, ﾚ,, ﾚ,1127, ﾚ,, ﾚ,1142, ﾚ,, ﾚ,1157, ﾚ,, ﾚ,1212, ﾚ,, ﾚ,1227, ﾚ,, ﾚ,1242, ﾚ,, ﾚ,1257, ﾚ,, ﾚ,1312, ﾚ,, ﾚ,1327, ﾚ,, ﾚ,1342, ﾚ,, ﾚ,1357, ﾚ,, ﾚ,1412, ﾚ,, ﾚ,1427, ﾚ,, ﾚ,1442, ﾚ,, ﾚ,1457, ﾚ,, ﾚ,1512, ﾚ,, ﾚ,1527, ﾚ,, ﾚ,1542, ﾚ,, ﾚ,1557, ﾚ,, ﾚ,1612, ﾚ,, ﾚ,1627, ﾚ,, ﾚ,1642,, ﾚ,, ﾚ,1659, ﾚ,, ﾚ,1715, ﾚ,, ﾚ,1731, ﾚ,, ﾚ,1745,, ﾚ,, ﾚ,1759, ﾚ,,1806, ﾚ, ﾚ,,1820, ﾚ, ﾚ,,1831, ﾚ,1845,, ﾚ,, ﾚ,1859, ﾚ,,1906, ﾚ, ﾚ,,1920, ﾚ, ﾚ,,1931, ﾚ,1945, ﾚ,, ﾚ,1959,, ﾚ,,2006, ﾚ, ﾚ,,2020, ﾚ, ﾚ,2031, ﾚ,2045, ﾚ,, ﾚ,2059, ﾚ,2106, ﾚ, ﾚ,,2120, ﾚ, ﾚ,2131, ﾚ,2145, ﾚ,2159, ﾚ, ﾚ,2213, ﾚ,2228, ﾚ, ﾚ,2240, ﾚ,2252, ﾚ,,2303, ﾚ,,2319,2333, ﾚ,2350, ﾚ,7, ﾚ,21,37
浅香,発,,,,,526, ﾚ,,,554, ﾚ,610,625, ﾚ,,639, ﾚ,,649, ﾚ,658, ﾚ,, ﾚ,710,724, ﾚ, ﾚ,,,736, ﾚ, ﾚ,743, ﾚ,,753, ﾚ,801, ﾚ, ﾚ,,811, ﾚ,820, ﾚ,,830, ﾚ,836, ﾚ,842, ﾚ,, ﾚ,852, ﾚ,904, ﾚ, ﾚ,,915, ﾚ, ﾚ,923, ﾚ,,933, ﾚ,943, ﾚ,,952,, ﾚ,1005, ﾚ,,1019, ﾚ, ﾚ,1030, ﾚ,,1044, ﾚ,, ﾚ,1059, ﾚ,, ﾚ,1114, ﾚ,, ﾚ,1129, ﾚ,, ﾚ,1144, ﾚ,, ﾚ,1159, ﾚ,, ﾚ,1214, ﾚ,, ﾚ,1229, ﾚ,, ﾚ,1244, ﾚ,, ﾚ,1259, ﾚ,, ﾚ,1314, ﾚ,, ﾚ,1329, ﾚ,, ﾚ,1344, ﾚ,, ﾚ,1359, ﾚ,, ﾚ,1414, ﾚ,, ﾚ,1429, ﾚ,, ﾚ,1444, ﾚ,, ﾚ,1459, ﾚ,, ﾚ,1514, ﾚ,, ﾚ,1529, ﾚ,, ﾚ,1544, ﾚ,, ﾚ,1559, ﾚ,, ﾚ,1614, ﾚ,, ﾚ,1629, ﾚ,, ﾚ,1644,, ﾚ,, ﾚ,1701, ﾚ,, ﾚ,1717, ﾚ,, ﾚ,1733, ﾚ,, ﾚ,1747,, ﾚ,, ﾚ,1801, ﾚ,,1808, ﾚ, ﾚ,,1822, ﾚ, ﾚ,,1833, ﾚ,1847,, ﾚ,, ﾚ,1901, ﾚ,,1908, ﾚ, ﾚ,,1922, ﾚ, ﾚ,,1933, ﾚ,1947, ﾚ,, ﾚ,2001,, ﾚ,,2008, ﾚ, ﾚ,,2022, ﾚ, ﾚ,2033, ﾚ,2047, ﾚ,, ﾚ,2101, ﾚ,2108, ﾚ, ﾚ,,2122, ﾚ, ﾚ,2133, ﾚ,2147, ﾚ,2201, ﾚ, ﾚ,2215, ﾚ,2230, ﾚ, ﾚ,2242, ﾚ,2254, ﾚ,,2305, ﾚ,,2321,2334, ﾚ,2351, ﾚ,9, ﾚ,23,39
堺市,発,,,,,528,533,,,556,602,612,627,618,,641,634,,651,648,700,653,,705,712,726,717,723,,,738,729,735,745,742,,755,752,803,757,801,,813,810,822,815,,832,825,838,829,844,835,,841,853,851,906, ﾚ,858,,916, ﾚ,914,925,922,,934,932,945,937,,953,,951,1006,1004,,1021,1012, ﾚ,1032,1024,,1045,1034,,1043,1100,1049,,1057,1115,1104,,1112,1130,1119,,1127,1145,1134,,1142,1200,1149,,1157,1215,1204,,1212,1230,1219,,1227,1245,1234,,1242,1300,1249,,1257,1315,1304,,1312,1330,1319,,1327,1345,1334,,1342,1400,1349,,1357,1415,1404,,1412,1430,1419,,1427,1445,1434,,1442,1500,1449,,1457,1515,1504,,1512,1530,1519,,1527,1545,1534,,1542,1600,1549,,1557,1615,1604,,1612,1630,1619,,1627,1646,,1635,,1643,1703,1651,,1700,1719,1707,,1715,1735,1723,,1731,1749,,1738,,1747,1803,1753,,1810,1800,1807,,1824,1815,1821,,1835,1832,1849,,1838,,1847,1903,1853,,1910,1900,1907,,1924,1916,1921,,1935,1932,1949,1938,,1947,2003,,1953,,2010,2001,2007,,2024,2015,2021,2035,2032,2049,2038,,2047,2103,2053,2110,2101,2107,,2124,2115,2121,2135,2132,2149,2138,2203,2152,2159,2217,2208,2232,2222,2230,2244,2239,2256,2253,,2307,2312,,2323,2336,2333,2353,2351,11,8,25,41
三国ヶ丘,発,,,,,530,535,,,558,604,614,629,621,,643,636,,653,650,702,656,,707,714,728,719,725,,,740,731,738,747,744,,757,754,806,800,803,,815,813,824,818,,834,827,840,832,846,837,,843,856,853,908, ﾚ,901,,918, ﾚ,916,927,924,,937,934,947,940,,955,,953,1008,1006,,1023,1014, ﾚ,1034,1026,,1048,1036,,1045,1103,1051,,1059,1118,1106,,1114,1133,1121,,1129,1148,1136,,1144,1203,1151,,1159,1218,1206,,1214,1233,1221,,1229,1248,1236,,1244,1303,1251,,1259,1318,1306,,1314,1333,1321,,1329,1348,1336,,1344,1403,1351,,1359,1418,1406,,1414,1433,1421,,1429,1448,1436,,1444,1503,1451,,1459,1518,1506,,1514,1533,1521,,1529,1548,1536,,1544,1603,1551,,1559,1618,1606,,1614,1633,1621,,1629,1648,,1637,,1646,1705,1654,,1702,1721,1710,,1718,1737,1725,,1733,1752,,1740,,1749,1806,1755,,1812,1803,1810,,1827,1818,1824,,1837,1835,1852,,1840,,1849,1906,1855,,1912,1903,1910,,1927,1918,1924,,1937,1935,1952,1940,,1949,2006,,1955,,2012,2003,2010,,2027,2018,2024,2037,2035,2052,2040,,2049,2106,2055,2112,2103,2110,,2127,2118,2124,2137,2135,2152,2140,2205,2155,2201,2219,2210,2235,2224,2232,2246,2241,2258,2255,,2309,2314,,2325,2338,2336,2356,2353,13,10,27,43
百舌鳥,発,,,,,532, ﾚ,,,600, ﾚ,616,631, ﾚ,,645, ﾚ,,655, ﾚ,704, ﾚ,, ﾚ,716,730, ﾚ, ﾚ,,,742, ﾚ, ﾚ,749, ﾚ,,758, ﾚ,807, ﾚ, ﾚ,,817, ﾚ,826, ﾚ,,836, ﾚ,842, ﾚ,848, ﾚ,, ﾚ,857, ﾚ,910, ﾚ, ﾚ,,920, ﾚ, ﾚ,929, ﾚ,,938, ﾚ,949, ﾚ,,957,, ﾚ,1010, ﾚ,,1025, ﾚ, ﾚ,1035, ﾚ,,1049, ﾚ,, ﾚ,1104, ﾚ,, ﾚ,1119, ﾚ,, ﾚ,1134, ﾚ,, ﾚ,1149, ﾚ,, ﾚ,1204, ﾚ,, ﾚ,1219, ﾚ,, ﾚ,1234, ﾚ,, ﾚ,1249, ﾚ,, ﾚ,1304, ﾚ,, ﾚ,1319, ﾚ,, ﾚ,1334, ﾚ,, ﾚ,1349, ﾚ,, ﾚ,1404, ﾚ,, ﾚ,1419, ﾚ,, ﾚ,1434, ﾚ,, ﾚ,1449, ﾚ,, ﾚ,1504, ﾚ,, ﾚ,1519, ﾚ,, ﾚ,1534, ﾚ,, ﾚ,1549, ﾚ,, ﾚ,1604, ﾚ,, ﾚ,1619, ﾚ,, ﾚ,1634, ﾚ,, ﾚ,1650,, ﾚ,, ﾚ,1707, ﾚ,, ﾚ,1723, ﾚ,, ﾚ,1739, ﾚ,, ﾚ,1754,, ﾚ,, ﾚ,1808, ﾚ,,1814, ﾚ, ﾚ,,1829, ﾚ, ﾚ,,1839, ﾚ,1854,, ﾚ,, ﾚ,1908, ﾚ,,1914, ﾚ, ﾚ,,1929, ﾚ, ﾚ,,1939, ﾚ,1954, ﾚ,, ﾚ,2008,, ﾚ,,2014, ﾚ, ﾚ,,2029, ﾚ, ﾚ,2039, ﾚ,2054, ﾚ,, ﾚ,2108, ﾚ,2114, ﾚ, ﾚ,,2129, ﾚ, ﾚ,2139, ﾚ,2154, ﾚ,2207, ﾚ, ﾚ,2221, ﾚ,2237, ﾚ, ﾚ,2248, ﾚ,2300, ﾚ,,2311, ﾚ,,2327,2340, ﾚ,2357, ﾚ,15, ﾚ,29,45
上野芝,発,,,,,534, ﾚ,,,602, ﾚ,618,634, ﾚ,,649, ﾚ,,700, ﾚ,706, ﾚ,, ﾚ,723,736, ﾚ, ﾚ,,,748, ﾚ, ﾚ,753, ﾚ,,801, ﾚ,812, ﾚ, ﾚ,,821, ﾚ,830, ﾚ,,841, ﾚ,847, ﾚ,852, ﾚ,, ﾚ,904, ﾚ,915, ﾚ, ﾚ,,927, ﾚ, ﾚ,934, ﾚ,,945, ﾚ,952, ﾚ,,1002,, ﾚ,1013, ﾚ,,1032, ﾚ,1021?,1044, ﾚ,,1054, ﾚ,, ﾚ,1109, ﾚ,, ﾚ,1124, ﾚ,, ﾚ,1139, ﾚ,, ﾚ,1154, ﾚ,, ﾚ,1209, ﾚ,, ﾚ,1224, ﾚ,, ﾚ,1239, ﾚ,, ﾚ,1254, ﾚ,, ﾚ,1309, ﾚ,, ﾚ,1324, ﾚ,, ﾚ,1339, ﾚ,, ﾚ,1354, ﾚ,, ﾚ,1409, ﾚ,, ﾚ,1424, ﾚ,, ﾚ,1439, ﾚ,, ﾚ,1454, ﾚ,, ﾚ,1509, ﾚ,, ﾚ,1524, ﾚ,, ﾚ,1539, ﾚ,, ﾚ,1554, ﾚ,, ﾚ,1612, ﾚ,, ﾚ,1628, ﾚ,, ﾚ,1644, ﾚ,, ﾚ,1701,, ﾚ,, ﾚ,1714, ﾚ,, ﾚ,1732, ﾚ,, ﾚ,1747, ﾚ,, ﾚ,1801,, ﾚ,, ﾚ,1810, ﾚ,,1821, ﾚ, ﾚ,,1833, ﾚ, ﾚ,,1848, ﾚ,1901,, ﾚ,, ﾚ,1913, ﾚ,,1918, ﾚ, ﾚ,,1933, ﾚ, ﾚ,,1948, ﾚ,2001, ﾚ,, ﾚ,2010,, ﾚ,,2021, ﾚ, ﾚ,,2033, ﾚ, ﾚ,2048, ﾚ,2101, ﾚ,, ﾚ,2110, ﾚ,2121, ﾚ, ﾚ,,2133, ﾚ, ﾚ,2148, ﾚ,2200, ﾚ,2209, ﾚ, ﾚ,2224, ﾚ,2239, ﾚ, ﾚ,2251, ﾚ,2303, ﾚ,,2313, ﾚ,,2330,2343, ﾚ,0, ﾚ,17, ﾚ,31,47
津久野,発,,,,,536, ﾚ,,,604, ﾚ,620,636, ﾚ,,651, ﾚ,,702, ﾚ,708, ﾚ,, ﾚ,725,738, ﾚ, ﾚ,,,750, ﾚ, ﾚ,755, ﾚ,,803, ﾚ,814, ﾚ, ﾚ,,824, ﾚ,832, ﾚ,,843, ﾚ,849, ﾚ,854, ﾚ,, ﾚ,906, ﾚ,917, ﾚ, ﾚ,,929, ﾚ, ﾚ,936, ﾚ,,947, ﾚ,954, ﾚ,,1004,, ﾚ,1015, ﾚ,,1034, ﾚ, ﾚ,1046, ﾚ,,1056, ﾚ,, ﾚ,1111, ﾚ,, ﾚ,1126, ﾚ,, ﾚ,1141, ﾚ,, ﾚ,1156, ﾚ,, ﾚ,1211, ﾚ,, ﾚ,1226, ﾚ,, ﾚ,1241, ﾚ,, ﾚ,1256, ﾚ,, ﾚ,1311, ﾚ,, ﾚ,1326, ﾚ,, ﾚ,1341, ﾚ,, ﾚ,1356, ﾚ,, ﾚ,1411, ﾚ,, ﾚ,1426, ﾚ,, ﾚ,1441, ﾚ,, ﾚ,1456, ﾚ,, ﾚ,1511, ﾚ,, ﾚ,1526, ﾚ,, ﾚ,1541, ﾚ,, ﾚ,1556, ﾚ,, ﾚ,1614, ﾚ,, ﾚ,1630, ﾚ,, ﾚ,1646, ﾚ,, ﾚ,1703,, ﾚ,, ﾚ,1716, ﾚ,, ﾚ,1734, ﾚ,, ﾚ,1749, ﾚ,, ﾚ,1804,, ﾚ,, ﾚ,1812, ﾚ,,1823, ﾚ, ﾚ,,1835, ﾚ, ﾚ,,1850, ﾚ,1904,, ﾚ,, ﾚ,1916, ﾚ,,1921, ﾚ, ﾚ,,1935, ﾚ, ﾚ,,1950, ﾚ,2004, ﾚ,, ﾚ,2012,, ﾚ,,2023, ﾚ, ﾚ,,2035, ﾚ, ﾚ,2050, ﾚ,2104, ﾚ,, ﾚ,2112, ﾚ,2123, ﾚ, ﾚ,,2136, ﾚ, ﾚ,2150, ﾚ,2202, ﾚ,2212, ﾚ, ﾚ,2226, ﾚ,2241, ﾚ, ﾚ,2253, ﾚ,2305, ﾚ,,2316, ﾚ,,2332,2345, ﾚ,2, ﾚ,19, ﾚ,33,49
鳳,発,,504,,,544,541,,,614,610,631,644,627,,656,642,,704,655,712,702,,713,733,745,725,731,,,752,737,744,802,750,,814,800,820,807,810,,829,819,839,824,,845,833,854,838,901,843,,849,917,859,925,904,907,,935,927,922,938,930,,951,941,1004,947,,1014,,959,1024,1012,,1037,1020,1024,1048,1034,,1058,1046,,1051,1113,1057,,1105,1128,1112,,1120,1143,1127,,1135,1158,1142,,1150,1213,1157,,1205,1228,1212,,1220,1244,1227,,1235,1258,1242,,1250,1314,1257,,1305,1329,1312,,1320,1344,1327,,1335,1359,1342,,1350,1414,1357,,1405,1429,1412,,1420,1443,1427,,1435,1458,1442,,1450,1513,1457,,1505,1528,1512,,1520,1544,1527,,1535,1608,1542,,1550,1621,1557,,1605,1637,1612,,1620,1654,1630,,1635,1710,,1646,,1653,1725,1702,,1708,1741,1716,,1724,1756,1733,,1739,1810,,1749,,1755,1820,1803,,1835,1809,1817,,1850,1824,1830,,1856,1841,1910,,1846,,1855,1920,1903,,1935,1909,1916,,1950,1926,1930,,1956,1941,2011,1946,,1955,2020,,2003,,2035,2009,2017,,2050,2024,2030,2056,2041,2111,2046,,2055,2120,2103,2135,2109,2117,,2150,2124,2130,2202,2141,2210,2146,2222,2201,2208,2234,2217,2249,2231,2239,2303,2247,2310,2301,,2326,2321,,2343,0,2342,4,2359,23,15,36,51
富木,発,,506,,,547, ﾚ,,,617, ﾚ,633,646, ﾚ,,658, ﾚ,,,,714, ﾚ,,,735,747,727, ﾚ,,,,, ﾚ,804, ﾚ,,816, ﾚ,823,, ﾚ,,831, ﾚ,841, ﾚ,,, ﾚ,856, ﾚ,903, ﾚ,, ﾚ,919, ﾚ,927,, ﾚ,,937,, ﾚ,, ﾚ,,953, ﾚ,1006, ﾚ,,1016,, ﾚ,1026, ﾚ,,1039, ﾚ,,, ﾚ,,, ﾚ,,1053,, ﾚ,,1107,, ﾚ,,1122,, ﾚ,,1137,, ﾚ,,1152,, ﾚ,,1207,, ﾚ,,1222,, ﾚ,,1237,, ﾚ,,1252,, ﾚ,,1307,, ﾚ,,1322,, ﾚ,,1337,, ﾚ,,1352,, ﾚ,,1407,, ﾚ,,1422,, ﾚ,,1437,, ﾚ,,1452,, ﾚ,,1507,, ﾚ,,1522,, ﾚ,,1537,1610, ﾚ,,1552,1624, ﾚ,,1607,1639, ﾚ,, ﾚ,1656, ﾚ,, ﾚ,1712,, ﾚ,, ﾚ,1727, ﾚ,, ﾚ,1743, ﾚ,, ﾚ,1759, ﾚ,, ﾚ,1813,, ﾚ,, ﾚ,1822, ﾚ,,1837, ﾚ, ﾚ,,1852, ﾚ, ﾚ,,1859, ﾚ,1913,, ﾚ,, ﾚ,1923, ﾚ,,1937, ﾚ, ﾚ,,1952, ﾚ, ﾚ,,1959, ﾚ,2013, ﾚ,, ﾚ,2022,, ﾚ,,2037, ﾚ, ﾚ,,2052, ﾚ, ﾚ,2059, ﾚ,2113, ﾚ,, ﾚ,2122, ﾚ,2137, ﾚ, ﾚ,,2152, ﾚ, ﾚ,2204, ﾚ,2213, ﾚ,2224, ﾚ, ﾚ,2236, ﾚ,2251, ﾚ, ﾚ,2305, ﾚ,2312, ﾚ,,2328, ﾚ,,2345,3, ﾚ,, ﾚ,25,,,
北信太,発,,508,,,549, ﾚ,,,619, ﾚ,635,648, ﾚ,,701, ﾚ,,,,716, ﾚ,,,738,750,729, ﾚ,,,,, ﾚ,806, ﾚ,,818, ﾚ,825,, ﾚ,,833, ﾚ,843, ﾚ,,, ﾚ,858, ﾚ,906, ﾚ,, ﾚ,921, ﾚ,929,, ﾚ,,939,, ﾚ,, ﾚ,,955, ﾚ,1008, ﾚ,,1018,, ﾚ,1028, ﾚ,,1042, ﾚ,,, ﾚ,,, ﾚ,,1055,, ﾚ,,1109,, ﾚ,,1124,, ﾚ,,1139,, ﾚ,,1154,, ﾚ,,1209,, ﾚ,,1224,, ﾚ,,1239,, ﾚ,,1254,, ﾚ,,1309,, ﾚ,,1324,, ﾚ,,1339,, ﾚ,,1354,, ﾚ,,1409,, ﾚ,,1424,, ﾚ,,1439,, ﾚ,,1454,, ﾚ,,1509,, ﾚ,,1524,, ﾚ,,1539,1612, ﾚ,,1554,1626, ﾚ,,1609,1641, ﾚ,, ﾚ,1658, ﾚ,, ﾚ,1714,, ﾚ,, ﾚ,1730, ﾚ,, ﾚ,1745, ﾚ,, ﾚ,1801, ﾚ,, ﾚ,1815,, ﾚ,, ﾚ,1824, ﾚ,,1840, ﾚ, ﾚ,,1854, ﾚ, ﾚ,,1901, ﾚ,1915,, ﾚ,, ﾚ,1925, ﾚ,,1940, ﾚ, ﾚ,,1954, ﾚ, ﾚ,,2001, ﾚ,2015, ﾚ,, ﾚ,2024,, ﾚ,,2040, ﾚ, ﾚ,,2054, ﾚ, ﾚ,2101, ﾚ,2115, ﾚ,, ﾚ,2124, ﾚ,2140, ﾚ, ﾚ,,2154, ﾚ, ﾚ,2207, ﾚ,2215, ﾚ,2227, ﾚ, ﾚ,2238, ﾚ,2254, ﾚ, ﾚ,2307, ﾚ,2314, ﾚ,,2331, ﾚ,,2348,5, ﾚ,, ﾚ,27,,,
信太山,発,,510,,,551, ﾚ,,,621, ﾚ,637,650, ﾚ,,703, ﾚ,,,,718, ﾚ,,,740,752,731, ﾚ,,,,, ﾚ,808, ﾚ,,820, ﾚ,827,, ﾚ,,835, ﾚ,845, ﾚ,,, ﾚ,900, ﾚ,908, ﾚ,, ﾚ,923, ﾚ,931,, ﾚ,,941,, ﾚ,, ﾚ,,957, ﾚ,1010, ﾚ,,1020,, ﾚ,1030, ﾚ,,1044, ﾚ,,, ﾚ,,, ﾚ,,1057,, ﾚ,,1111,, ﾚ,,1126,, ﾚ,,1141,, ﾚ,,1156,, ﾚ,,1211,, ﾚ,,1226,, ﾚ,,1241,, ﾚ,,1256,, ﾚ,,1311,, ﾚ,,1326,, ﾚ,,1341,, ﾚ,,1356,, ﾚ,,1411,, ﾚ,,1426,, ﾚ,,1441,, ﾚ,,1456,, ﾚ,,1511,, ﾚ,,1526,, ﾚ,,1541,1614, ﾚ,,1556,1628, ﾚ,,1611,1643, ﾚ,, ﾚ,1700, ﾚ,, ﾚ,1716,, ﾚ,, ﾚ,1732, ﾚ,, ﾚ,1748, ﾚ,, ﾚ,1803, ﾚ,, ﾚ,1817,, ﾚ,, ﾚ,1826, ﾚ,,1842, ﾚ, ﾚ,,1856, ﾚ, ﾚ,,1903, ﾚ,1917,, ﾚ,, ﾚ,1927, ﾚ,,1942, ﾚ, ﾚ,,1956, ﾚ, ﾚ,,2003, ﾚ,2017, ﾚ,, ﾚ,2026,, ﾚ,,2042, ﾚ, ﾚ,,2056, ﾚ, ﾚ,2103, ﾚ,2117, ﾚ,, ﾚ,2126, ﾚ,2142, ﾚ, ﾚ,,2156, ﾚ, ﾚ,2209, ﾚ,2217, ﾚ,2229, ﾚ, ﾚ,2240, ﾚ,2256, ﾚ, ﾚ,2309, ﾚ,2316, ﾚ,,2333, ﾚ,,2350,7, ﾚ,, ﾚ,29,,,
和泉府中,発,,513,,,553,546,,,623,615,640,655,631,,710,648,,,,725,707,,,744,800,737,736,,,,,749,811,756,,826,805,835,,817,,845,824,858,831,,,840,908,844,920,850,,854,930,904,940,,912,,954,,927,,935,,1007,946,1018,952,,1028,,1004,1041,1016,,1053,1025,,,1039,,,1051,,1100,,1104,,1114,,1118,,1129,,1134,,1144,,1149,,1159,,1204,,1214,,1218,,1229,,1234,,1244,,1249,,1259,,1304,,1314,,1318,,1329,,1334,,1344,,1349,,1359,,1404,,1414,,1418,,1429,,1434,,1444,,1449,,1459,,1504,,1514,,1518,,1529,,1534,,1544,1622,1549,,1559,1637,1604,,1614,1653,1619,,1626,1709,1635,,1641,1724,,1651,,1657,1740,1707,,1714,1756,1721,,1728,1812,1739,,1746,1825,,1754,,1801,1833,1810,,1848,1815,1823,,1902,1831,1840,,1912,1846,1925,,1854,,1901,1933,1910,,1948,1915,1921,,2002,1931,1940,,2012,1946,2024,1954,,2001,2033,,2010,,2048,2015,2023,,2102,2031,2040,2112,2046,2124,2054,,2101,2133,2110,2148,2115,2123,,2159,2131,2140,2215,2146,2220,2154,2232,2205,2213,2247,2226,2259,2236,2245,2312,2252,2319,2306,,2336,2330,,2353,10,2347,,4,32,,,
久米田,発,,516,,,556, ﾚ,,,626, ﾚ,643,659, ﾚ,,713, ﾚ,,,,728, ﾚ,,,747,803,740, ﾚ,,,,, ﾚ,814, ﾚ,,829, ﾚ,838,, ﾚ,,849, ﾚ,901, ﾚ,,, ﾚ,911, ﾚ,923, ﾚ,, ﾚ,933, ﾚ,943,, ﾚ,,957,, ﾚ,, ﾚ,,1010, ﾚ,1021, ﾚ,,1031,, ﾚ,1044, ﾚ,,1056, ﾚ,,, ﾚ,,, ﾚ,,1103,, ﾚ,,1117,, ﾚ,,1132,, ﾚ,,1147,, ﾚ,,1202,, ﾚ,,1217,, ﾚ,,1232,, ﾚ,,1247,, ﾚ,,1302,, ﾚ,,1317,, ﾚ,,1332,, ﾚ,,1347,, ﾚ,,1402,, ﾚ,,1417,, ﾚ,,1432,, ﾚ,,1447,, ﾚ,,1502,, ﾚ,,1517,, ﾚ,,1532,, ﾚ,,1547,1625, ﾚ,,1602,1640, ﾚ,,1617,1656, ﾚ,, ﾚ,1712, ﾚ,, ﾚ,1727,, ﾚ,, ﾚ,1743, ﾚ,, ﾚ,1759, ﾚ,, ﾚ,1815, ﾚ,, ﾚ,1828,, ﾚ,, ﾚ,1836, ﾚ,,1851, ﾚ, ﾚ,,1905, ﾚ, ﾚ,,1915, ﾚ,1928,, ﾚ,, ﾚ,1936, ﾚ,,1951, ﾚ, ﾚ,,2005, ﾚ, ﾚ,,2015, ﾚ,2027, ﾚ,, ﾚ,2036,, ﾚ,,2051, ﾚ, ﾚ,,2105, ﾚ, ﾚ,2115, ﾚ,2127, ﾚ,, ﾚ,2136, ﾚ,2151, ﾚ, ﾚ,,2202, ﾚ, ﾚ,2218, ﾚ,2223, ﾚ,2235, ﾚ, ﾚ,2250, ﾚ,2302, ﾚ, ﾚ,, ﾚ,2322, ﾚ,,2339, ﾚ,,2356,13, ﾚ,, ﾚ,35,,,
下松,発,,517,,,558, ﾚ,,,628, ﾚ,645,700, ﾚ,,715, ﾚ,,,,730, ﾚ,,,749,805,742, ﾚ,,,,, ﾚ,816, ﾚ,,831, ﾚ,840,, ﾚ,,850, ﾚ,903, ﾚ,,, ﾚ,913, ﾚ,925, ﾚ,, ﾚ,935, ﾚ,945,, ﾚ,,959,, ﾚ,, ﾚ,,1012, ﾚ,1023, ﾚ,,1033,, ﾚ,1046, ﾚ,,1058, ﾚ,,, ﾚ,,, ﾚ,,1105,, ﾚ,,1118,, ﾚ,,1134,, ﾚ,,1148,, ﾚ,,1203,, ﾚ,,1218,, ﾚ,,1233,, ﾚ,,1248,, ﾚ,,1303,, ﾚ,,1318,, ﾚ,,1333,, ﾚ,,1348,, ﾚ,,1403,, ﾚ,,1418,, ﾚ,,1433,, ﾚ,,1448,, ﾚ,,1503,, ﾚ,,1518,, ﾚ,,1533,, ﾚ,,1548,1627, ﾚ,,1603,1642, ﾚ,,1618,1658, ﾚ,, ﾚ,1714, ﾚ,, ﾚ,1729,, ﾚ,, ﾚ,1745, ﾚ,, ﾚ,1801, ﾚ,, ﾚ,1817, ﾚ,, ﾚ,1830,, ﾚ,, ﾚ,1838, ﾚ,,1853, ﾚ, ﾚ,,1907, ﾚ, ﾚ,,1917, ﾚ,1930,, ﾚ,, ﾚ,1938, ﾚ,,1953, ﾚ, ﾚ,,2007, ﾚ, ﾚ,,2017, ﾚ,2029, ﾚ,, ﾚ,2038,, ﾚ,,2053, ﾚ, ﾚ,,2107, ﾚ, ﾚ,2117, ﾚ,2129, ﾚ,, ﾚ,2138, ﾚ,2153, ﾚ, ﾚ,,2204, ﾚ, ﾚ,2220, ﾚ,2225, ﾚ,2237, ﾚ, ﾚ,2252, ﾚ,2304, ﾚ, ﾚ,, ﾚ,2324, ﾚ,,2341, ﾚ,,2358,15, ﾚ,, ﾚ,37,,,
東岸和田,発,,520,,,600,551,,,630,619,647,703,636,,717,653,,,,733,712,,,756,811,745,740,,,,,753,823,803,,833,810,846,,822,,856,829,911,839,,,844,920,850,933,854,,901,938,909,948,,916,,1001,,932,,942,,1015,953,1031,957,,1035,1041,1012,1052,1021,,1101,1030,,,1044,,,1057,,1111,,1110,,1125,,1123,,1141,,1139,,1156,,1154,,1211,,1209,,1225,,1223,,1241,,1239,,1256,,1254,,1311,,1309,,1325,,1323,,1341,,1339,,1356,,1354,,1411,,1409,,1425,,1423,,1441,,1439,,1456,,1454,,1511,,1509,,1525,,1523,,1541,,1539,,1556,1633,1554,,1611,1648,1609,,1625,1704,1624,,1631,1727,1640,,1646,1735,,1655,,1702,1752,1712,,1719,1808,1725,,1733,1823,1743,,1751,1837,,1759,,1806,1847,1815,,1901,1821,1827,,1916,1835,1844,,1923,1851,1933,,1859,,1906,1947,1915,,2001,1921,1928,,2016,1936,1945,,2029,1951,2037,1959,,2006,2047,,2015,,2101,2021,2027,,2116,2035,2045,2129,2051,2137,2059,,2106,2146,2115,2201,2121,2127,,2212,2135,2145,2222,2151,2234,2159,2244,2210,2218,2259,2231,2316,2240,2250,,2257,2336,2311,,2343,2335,,0,17,2351,,9,40,,,
東貝塚,発,,522,,,603, ﾚ,,,633, ﾚ,649,705, ﾚ,,720, ﾚ,,,,735, ﾚ,,,758,814,747, ﾚ,,,,, ﾚ,826, ﾚ,,836, ﾚ,848,, ﾚ,,904, ﾚ,913, ﾚ,,, ﾚ,924, ﾚ,936, ﾚ,, ﾚ,945, ﾚ,1000,, ﾚ,,1003,, ﾚ,, ﾚ,,1017, ﾚ,1033, ﾚ,,,1044, ﾚ,1054, ﾚ,,1103, ﾚ,,, ﾚ,,, ﾚ,,1114,, ﾚ,,1127,, ﾚ,,1143,, ﾚ,,1158,, ﾚ,,1213,, ﾚ,,1227,, ﾚ,,1243,, ﾚ,,1258,, ﾚ,,1313,, ﾚ,,1327,, ﾚ,,1343,, ﾚ,,1358,, ﾚ,,1413,, ﾚ,,1427,, ﾚ,,1443,, ﾚ,,1458,, ﾚ,,1513,, ﾚ,,1527,, ﾚ,,1543,, ﾚ,,1558,1643, ﾚ,,1613,1658, ﾚ,,1627,1715, ﾚ,, ﾚ,1729, ﾚ,, ﾚ,1746,, ﾚ,, ﾚ,1802, ﾚ,, ﾚ,1817, ﾚ,, ﾚ,1825, ﾚ,, ﾚ,1839,, ﾚ,, ﾚ,1849, ﾚ,,1903, ﾚ, ﾚ,,1918, ﾚ, ﾚ,,1931, ﾚ,1939,, ﾚ,, ﾚ,1949, ﾚ,,2003, ﾚ, ﾚ,,2018, ﾚ, ﾚ,,2031, ﾚ,2039, ﾚ,, ﾚ,2049,, ﾚ,,2103, ﾚ, ﾚ,,2118, ﾚ, ﾚ,2131, ﾚ,2139, ﾚ,, ﾚ,2148, ﾚ,2203, ﾚ, ﾚ,,2214, ﾚ, ﾚ,2225, ﾚ,2237, ﾚ,2246, ﾚ, ﾚ,2302, ﾚ,2318,, ﾚ,, ﾚ,2339, ﾚ,,2346, ﾚ,,2,20, ﾚ,, ﾚ,42,,,
和泉橋本,発,,524,,,605, ﾚ,,,635, ﾚ,652,708, ﾚ,,722, ﾚ,,,,737, ﾚ,,,800,816,750, ﾚ,,,,, ﾚ,828, ﾚ,,838, ﾚ,850,, ﾚ,,907, ﾚ,915, ﾚ,,, ﾚ,927, ﾚ,938, ﾚ,, ﾚ,948, ﾚ,1002,, ﾚ,,1006,, ﾚ,, ﾚ,,1020, ﾚ,1036, ﾚ,,,, ﾚ,1056, ﾚ,,1105, ﾚ,,, ﾚ,,, ﾚ,,1116,, ﾚ,,1130,, ﾚ,,1146,, ﾚ,,1201,, ﾚ,,1216,, ﾚ,,1230,, ﾚ,,1246,, ﾚ,,1301,, ﾚ,,1316,, ﾚ,,1330,, ﾚ,,1346,, ﾚ,,1401,, ﾚ,,1416,, ﾚ,,1430,, ﾚ,,1446,, ﾚ,,1501,, ﾚ,,1516,, ﾚ,,1530,, ﾚ,,1546,, ﾚ,,1601,1645, ﾚ,,1616,1700, ﾚ,,1630,1718, ﾚ,, ﾚ,1731, ﾚ,, ﾚ,1749,, ﾚ,, ﾚ,1804, ﾚ,, ﾚ,1820, ﾚ,, ﾚ,1827, ﾚ,, ﾚ,1841,, ﾚ,, ﾚ,1851, ﾚ,,1906, ﾚ, ﾚ,,1921, ﾚ, ﾚ,,1934, ﾚ,1941,, ﾚ,, ﾚ,1951, ﾚ,,2006, ﾚ, ﾚ,,2021, ﾚ, ﾚ,,2033, ﾚ,2041, ﾚ,, ﾚ,2051,, ﾚ,,2106, ﾚ, ﾚ,,2121, ﾚ, ﾚ,2133, ﾚ,2141, ﾚ,, ﾚ,2151, ﾚ,2206, ﾚ, ﾚ,,2216, ﾚ, ﾚ,2227, ﾚ,2239, ﾚ,2248, ﾚ, ﾚ,2304, ﾚ,2320,, ﾚ,, ﾚ,2341, ﾚ,,2348, ﾚ,,5,22, ﾚ,, ﾚ,45,,,
東佐野,発,,526,,,607, ﾚ,,,637, ﾚ,654,710, ﾚ,,724, ﾚ,,,,739, ﾚ,,,802,818,752, ﾚ,,,,, ﾚ,830, ﾚ,,840, ﾚ,852,, ﾚ,,909, ﾚ,917, ﾚ,,, ﾚ,929, ﾚ,940, ﾚ,, ﾚ,950, ﾚ,1004,, ﾚ,,1008,, ﾚ,, ﾚ,,1022, ﾚ,1038, ﾚ,,,, ﾚ,1058, ﾚ,,1108, ﾚ,,, ﾚ,,, ﾚ,,1118,, ﾚ,,1132,, ﾚ,,1148,, ﾚ,,1203,, ﾚ,,1218,, ﾚ,,1232,, ﾚ,,1248,, ﾚ,,1303,, ﾚ,,1318,, ﾚ,,1332,, ﾚ,,1348,, ﾚ,,1403,, ﾚ,,1418,, ﾚ,,1432,, ﾚ,,1448,, ﾚ,,1503,, ﾚ,,1518,, ﾚ,,1532,, ﾚ,,1548,, ﾚ,,1603,1647, ﾚ,,1618,1703, ﾚ,,1632,1720, ﾚ,, ﾚ,1733, ﾚ,, ﾚ,1751,, ﾚ,, ﾚ,1806, ﾚ,, ﾚ,1822, ﾚ,, ﾚ,1829, ﾚ,, ﾚ,1843,, ﾚ,, ﾚ,1853, ﾚ,,1908, ﾚ, ﾚ,,1923, ﾚ, ﾚ,,1936, ﾚ,1943,, ﾚ,, ﾚ,1953, ﾚ,,2008, ﾚ, ﾚ,,2023, ﾚ, ﾚ,,2035, ﾚ,2043, ﾚ,, ﾚ,2053,, ﾚ,,2108, ﾚ, ﾚ,,2123, ﾚ, ﾚ,2135, ﾚ,2143, ﾚ,, ﾚ,2153, ﾚ,2208, ﾚ, ﾚ,,2218, ﾚ, ﾚ,2229, ﾚ,2241, ﾚ,2251, ﾚ, ﾚ,2306, ﾚ,2322,, ﾚ,, ﾚ,2343, ﾚ,,2350, ﾚ,,7,24, ﾚ,, ﾚ,47,,,
熊取,発,,529,,,609,556,,,646,624,656,712,641,,727,701,,,,742,717,,,810,820,802,746,,,,,759,832,808,,842,815,855,,827,,912,835,920,846,,,851,932,856,950,900,,906,952,914,1006,,922,,1010,,938,,948,,1024,959,1040,1002,,,,1017,1105,1026,,1110,1035,,,1049,,,1103,,1121,,1116,,1134,,1128,,1150,,1145,,1205,,1159,,1220,,1214,,1234,,1228,,1250,,1244,,1305,,1259,,1320,,1314,,1334,,1328,,1350,,1344,,1405,,1359,,1420,,1414,,1434,,1428,,1450,,1444,,1505,,1459,,1520,,1514,,1534,,1528,,1550,,1544,,1605,1649,1559,,1620,1705,1614,,1634,1722,1629,,1641,1736,1645,,1652,1753,1807,1702,,1708,1809,1717,,1725,1824,1731,,1738,1835,1749,,1756,1846,1854,1805,,1812,1902,1820,,1918,1826,1833,,1925,1841,1850,,1943,1857,1946,1954,1906,,1912,2002,1920,,2018,1927,1934,,2025,1941,1950,,2038,1957,2053,2006,,2012,2056,2103,2020,,2118,2027,2033,,2128,2041,2050,2143,2057,2153,2106,,2112,2202,2121,2210,2127,2133,,2226,2140,2150,2234,2157,2244,2205,2257,2215,2223,2309,2237,2325,,2255,,2302,2346,2317,,2353,2340,,10,27,2357,,14,49,,,
日根野,着,,532,,,612,559,,,649,627,659,715,644,,730,704,?,,,745,720,?,,813,,804,748,?,,,,801,835,811,,,818,,,830,?,914,838,,849,?,,854,934,859,952,902,?,909,,917,,,924,?,1013,,941,,950,?,,1001,,1005,?,,,1020,1108,1029,?,1113,1037,,,1052,?,,1105,?,1124,,1119,?,1137,,1131,?,1153,,1147,?,1208,,1202,?,1223,,1217,?,1237,,1231,?,1253,,1247,?,1308,,1302,?,1323,,1317,?,1337,,1331,?,1353,,1347,?,1408,,1402,?,1423,,1417,?,1437,,1431,?,1453,,1447,?,1508,,1502,?,1523,,1517,?,1537,,1531,?,1553,,1547,?,1608,,1602,?,1623,,1617,?,1638,,1632,?,1644,,1648,?,1654,,1811,1704,?,1711,,1720,?,1728,,1733,?,1741,1838,1752,?,1759,,1859,1808,?,1814,1905,1823,?,1921,1829,1836,?,,1844,1852,?,1946,1900,,1958,1909,?,1915,2005,1923,?,2021,1929,1936,?,,1944,1952,?,2041,2000,2056,2009,?,2015,,2106,2023,?,2121,2030,2036,?,2131,2044,2053,2146,2100,2155,2109,?,2115,2205,2124,2213,2129,2135,?,2229,2143,2153,2237,2200,2247,2207,2300,2218,2226,2312,2239,2328,,2258,,2305,2349,2320,?,2356,2343,?,12,30,2359,,16,52,,,
運用番号,,,||,174+122,,||,162+144,,,||,130,||,||,||,171+157,,180,,,,||,179,,,||,,||,163,,179,,,||,,,163,,||,,,177,,||,,,172,,,,,,,128,,,,,,,156,,||,,,,162,,,,,130,,,,,,136,,,,,,132,,,174,,,,163,,,,179,,,,171,,,,177,,,,172,,,,128,,,,156,,,,176,,,,162,,,,130,,,,136,,,,144,,,,132,,,,174,,,,163,,,,179,,,,171,,,,177,,,,172,,,,128,,,,156,,,,176,,,,162,,,,,130,,||,,136,,,,144,,||,,132,,,,,174,,||,,163,,,,147,,,||,180,,,,,,177,,||,,172,,,,128,,,||,156,,,,||,150,,||,,,157,,,,181,,||,||,183,,,||,143,,||,||,184+132,,,129,,||,||,,||,||,,154,||,182+180,||,,142,||,,||,,127+128,,139,,||,,,||,,,,,,,,
日根野,発,,||,534,,||,559,,,||,632,||,||,||,646,,706,||,,,||,722,||,,||,,||,750,||,757,,,||,,,818,,||,,,832,||,||,,,851,||,,,,,,910,||,,,,,,930,||,||,,,,952,||,,,,1007,||,,,,,1032,||,,,,,1054,||,,1107,||,,,1122,||,,,1134,||,,,1149,||,,,1204,||,,,1219,||,,,1234,||,,,1249,||,,,1304,||,,,1319,||,,,1334,||,,,1349,||,,,1404,||,,,1419,||,,,1434,||,,,1449,||,,,1504,||,,,1519,||,,,1534,||,,,1549,||,,,1604,||,,,1619,||,,,1634,||,,,1650,||,,,,1706,||,||,,1722,||,,,1735,||,||,,1754,||,,,,1810,||,||,,1825,||,,,1838,||,,||,1854,||,,,,,1911,||,||,,1925,||,,,1938,||,,||,1954,||,,,||,2011,||,||,,,2025,||,,,2039,||,||,||,2055,,,||,2111,||,||,||,2127,,,2139,||,||,||,,||,||,,2209,||,2222,||,,2241,||,,||,,2306,,2324,||,||,,||,||,,,,,,,,
りんくうタウン,発,,||,538,,||,604,,,||,637,||,||,||,650,,711,||,,,||,726,||,,||,,||,755,||,801,,,||,,,824,,||,,,836,||,||,,,855,||,,,,,,916,||,,,,,,935,||,||,,,,957,||,,,,1013,||,,,,,1037,||,,,,,1058,||,,1114,||,,,1128,||,,,1141,||,,,1155,||,,,1211,||,,,1224,||,,,1241,||,,,1254,||,,,1311,||,,,1324,||,,,1341,||,,,1354,||,,,1411,||,,,1424,||,,,1441,||,,,1454,||,,,1511,||,,,1524,||,,,1541,||,,,1554,||,,,1611,||,,,1624,||,,,1641,||,,,1655,||,,,,1711,||,||,,1727,||,,,1740,||,||,,1758,||,,,,1815,||,||,,1829,||,,,1845,||,,||,1859,||,,,,,1915,||,||,,1929,||,,,1945,||,,||,2002,||,,,||,2015,||,||,,,2029,||,,,2045,||,||,||,2059,,,||,2115,||,||,||,2132,,,2143,||,||,||,,||,||,,2214,||,2226,||,,2246,||,,||,,2311,,2329,||,||,,||,||,,,,,,,,
関西空港,着,,||,544,,||,609,,,||,642,||,||,||,656,,716,||,,,||,732,||,,||,,||,800,||,807,,,||,,,829,,||,,,842,||,||,,,901,||,,,,,,922,||,,,,,,941,||,||,,,,1002,||,,,,1018,||,,,,,1043,||,,,,,1104,||,,1120,||,,,1133,||,,,1146,||,,,1201,||,,,1216,||,,,1229,||,,,1246,||,,,1259,||,,,1316,||,,,1329,||,,,1346,||,,,1359,||,,,1416,||,,,1429,||,,,1446,||,,,1459,||,,,1516,||,,,1529,||,,,1546,||,,,1559,||,,,1616,||,,,1629,||,,,1646,||,,,1700,||,,,,1717,||,||,,1733,||,,,1745,||,||,,1804,||,,,,1820,||,||,,1835,||,,,1850,||,,||,1904,||,,,,,1921,||,||,,1935,||,,,1951,||,,||,2007,||,,,||,2021,||,||,,,2035,||,,,2051,||,||,||,2105,,,||,2121,||,||,||,2137,,,2149,||,||,||,,||,||,,2219,||,2232,||,,2252,||,,||,,2316,,2335,||,||,,||,||,,,,,,,,
運用番号,,158,67,,62,69,,132+140,66,115,,126,113,137,,,,143,,,173,,151,,116,,70,,155,,,,183+181,,,,,147+139,,,,184,154,,,,176,,,,,,,129,,,,,,,182,126,,,,,144,,,,,175,,,,,,170,,,,,,140,,,122,,,,155,,,,150,,,,157,,,,143,,,,181,,,,183,,,,184,,,,164,,,,129,,,,154,,,,182,,,,142,,,,126,,,,175,,,,170,,,,140,,,,122,,,,155,,,,150,,,,157,,,,181,,,,183,,,,143,,,,,184,148,,,129,,,,164,171+175,,,154,,,,,182,165+160,,,142,,,,139,,185+123,,127,,,,,,170,179+126,,,140,,,,122,,146+138,,155,,,65,,176,135+169,,,,162,,,,130,125,166+161,,,,133,,144,168+167,70,,,,,174,63,159,,66,179+126,,,153,,146+138,,,62,,155+181,,,,,172,69,,140,64,,,,,,,,
日根野,発,513,532,,608,613,,626,631,650,,659,719,644,,,,708,,,746,,723,,814,,806,,752,,,,802,,,,,820,,,,834,918,,,,853,,,,,,,912,,,,,,,932,1021,,,,,954,,,,,1009,,,,,,1034,,,,,,1059,,,1109,,,,1124,,,,1136,,,,1151,,,,1206,,,,1221,,,,1236,,,,1251,,,,1306,,,,1321,,,,1336,,,,1351,,,,1406,,,,1421,,,,1436,,,,1451,,,,1506,,,,1521,,,,1536,,,,1551,,,,1606,,,,1621,,,,1635,,,,1652,,,,,1708,1714,,,1724,,,,1737,1742,,,1756,,,,,1813,1820,,,1827,,,,1841,,1845,,1856,,,,,,1913,1919,,,1928,,,,1940,,1945,,1956,,,2057,,2013,2019,,,,2028,,,,2041,2131,2045,,,,2156,,2113,2119,2211,,,,,2141,2230,2145,,2243,2200,,,2303,,2227,,,2330,,2258,,,,,2325,1,,2345,18,,,,,,,,
長滝,発,516,535,, ﾚ,615,, ﾚ, 633?,652,,702,721, ﾚ,,,,710,,,749,, ﾚ,,816,,808,, ﾚ,,,, ﾚ,,,,, ﾚ,,,,836,922,,,,855,,,,,,,915,,,,,,,935,1024,,,,,957,,,,,1011,,,,,,1037,,,,,,1102,,,1112,,,,1126,,,,1138,,,,1153,,,,1209,,,,1224,,,,1239,,,,1254,,,,1309,,,,1324,,,,1339,,,,1354,,,,1409,,,,1424,,,,1439,,,,1454,,,,1509,,,,1524,,,,1539,,,,1554,,,,1609,,,,1624,,,,1638,,,,1654,,,,,1711, ﾚ,,,1726,,,,1740, ﾚ,,,1758,,,,,1815, ﾚ,,,1829,,,,1843,, ﾚ,,1859,,,,,,1915, ﾚ,,,1930,,,,1943,, ﾚ,,1959,,,2059,,2015, ﾚ,,,,2030,,,,2043,2134, ﾚ,,,,2208,,2115, ﾚ,2214,,,,,2143,2232, ﾚ,,2246, ﾚ,,,2305,, ﾚ,,,2332,, ﾚ,,,,,2328,4,,2347,21,,,,,,,,
新家,発,518,537,, ﾚ,618,, ﾚ, ﾚ,655,,705,724, ﾚ,,,,713,,,752,, ﾚ,,819,,811,, ﾚ,,,, ﾚ,,,,, ﾚ,,,,839,925,,,,858,,,,,,,917,,,,,,,937,1027,,,,,959,,,,,1014,,,,,,1039,,,,,,1104,,,1114,,,,1129,,,,1141,,,,1156,,,,1211,,,,1226,,,,1241,,,,1256,,,,1311,,,,1326,,,,1341,,,,1356,,,,1411,,,,1426,,,,1441,,,,1456,,,,1511,,,,1526,,,,1541,,,,1556,,,,1612,,,,1627,,,,1641,,,,1657,,,,,1714, ﾚ,,,1729,,,,1743, ﾚ,,,1801,,,,,1818, ﾚ,,,1832,,,,1846,, ﾚ,,1902,,,,,,1918, ﾚ,,,1933,,,,1945,, ﾚ,,2002,,,2102,,2018, ﾚ,,,,2033,,,,2046,2137, ﾚ,,,,2211,,2118, ﾚ,2217,,,,,2146,2235, ﾚ,,2249, ﾚ,,,2308,, ﾚ,,,2335,, ﾚ,,,,,2330,6,,2350,23,,,,,,,,
和泉砂川,発,521,540,,614,621,, ﾚ,637,657,,708,732,650,,,,716,,,800,,729,,833,,814,,758,,,,807,,,,,825,,,,842,929,,,,901,,,,,,,920,,,,,,,940,1029,,,,,1002,,,,,1021,,,,,,1042,,,,,,1107,,,1117,,,,1132,,,,1144,,,,1203,,,,1214,,,,1229,,,,1244,,,,1304,,,,1314,,,,1329,,,,1344,,,,1404,,,,1414,,,,1429,,,,1444,,,,1503,,,,1514,,,,1529,,,,1544,,,,1603,,,,1614,,,,1629,,,,1644,,,,1704,,,,,1722,1720,,,1732,,,,1751,1748,,,1810,,,,,1828,1826,,,1835,,,,1854,,1851,,1910,,,,,,1927,1925,,,1940,,,,1952,,1950,,2010,,,2110,,2027,2025,,,,2036,,,,2053,2139,2051,,,,2214,,2127,2125,2220,,,,,2153,2241,2151,,2252,2211,,,2310,,2232,,,2345,,2303,,,,,2333,9,,2353,26,,,,,,,,
和泉鳥取,発,524,543,,,624,, ﾚ,,700,,,735, ﾚ,,,,719,,,804,, ﾚ,,836,,818,, ﾚ,,,, ﾚ,,,,, ﾚ,,,,845,932,,,,904,,,,,,,923,,,,,,,943,1032,,,,,1005,,,,,1025,,,,,,1045,,,,,,1110,,,1120,,,,1135,,,,1147,,,,1206,,,,1217,,,,1232,,,,1247,,,,1307,,,,1317,,,,1332,,,,1347,,,,1407,,,,1417,,,,1432,,,,1447,,,,1506,,,,1517,,,,1532,,,,1547,,,,1606,,,,1618,,,,1633,,,,1647,,,,1707,,,,,1725, ﾚ,,,1735,,,,1754, ﾚ,,,1813,,,,,1831, ﾚ,,,1838,,,,1857,, ﾚ,,1913,,,,,,1930, ﾚ,,,1943,,,,1955,, ﾚ,,2013,,,2113,,2030, ﾚ,,,,2039,,,,2056,2142, ﾚ,,,,2217,,2130, ﾚ,,,,,,2156,2245, ﾚ,,, ﾚ,,,2313,, ﾚ,,,2348,, ﾚ,,,,,2336,12,,2356,29,,,,,,,,
山中渓,発,527,546,,,627,, ﾚ,,703,,,737, ﾚ,,,,721,,,806,, ﾚ,,839,,821,, ﾚ,,,, ﾚ,,,,, ﾚ,,,,848,935,,,,906,,,,,,,926,,,,,,,946,1035,,,,,1008,,,,,1027,,,,,,1048,,,,,,1113,,,1123,,,,1138,,,,1150,,,,1209,,,,1220,,,,1235,,,,1250,,,,1309,,,,1320,,,,1335,,,,1350,,,,1409,,,,1420,,,,1435,,,,1450,,,,1509,,,,1520,,,,1535,,,,1550,,,,1609,,,,1621,,,,1636,,,,1650,,,,1710,,,,,1728, ﾚ,,,1738,,,,1757, ﾚ,,,1816,,,,,1834, ﾚ,,,1841,,,,1900,, ﾚ,,1916,,,,,,1933, ﾚ,,,1946,,,,1958,, ﾚ,,2016,,,2116,,2033, ﾚ,,,,2042,,,,2059,2145, ﾚ,,,,2219,,2133, ﾚ,,,,,,2159,2247, ﾚ,,, ﾚ,,,2316,, ﾚ,,,2351,, ﾚ,,,,,2339,15,,2359,32,,,,,,,,
紀伊,発,534,553,,,634,, ﾚ,,710,,,745,702,,,,729,,,814,,740,,846,,828,,809,,,,818,,,,,836,,,,856,942,,,,913,,,,,,,933,,,,,,,953,1043,,,,,1015,,,,,1034,,,,,,1055,,,,,,1120,,,1130,,,,1145,,,,1157,,,,1216,,,,1227,,,,1242,,,,1257,,,,1317,,,,1327,,,,1342,,,,1357,,,,1417,,,,1427,,,,1442,,,,1457,,,,1516,,,,1527,,,,1542,,,,1557,,,,1616,,,,1628,,,,1643,,,,1657,,,,1717,,,,,1735,1731,,,1745,,,,1804,1758,,,1823,,,,,1841,1837,,,1848,,,,1907,,1902,,1923,,,,,,1940,1935,,,1954,,,,2005,,2001,,2023,,,2123,,2040,2035,,,,2049,,,,2106,2152,2101,,,,2227,,2140,2135,,,,,,2206,2254,2201,,,2222,,,2324,,2243,,,2358,,2314,,,,,2346,22,,6,39,,,,,,,,
六十谷,発,538,557,,,638,, ﾚ,,714,,,749,706,,,,733,,,818,,744,,850,,832,,813,,,,823,,,,,840,,,,900,946,,,,917,,,,,,,937,,,,,,,957,1047,,,,,1019,,,,,1038,,,,,,1059,,,,,,1124,,,1134,,,,1149,,,,1201,,,,1220,,,,1231,,,,1246,,,,1301,,,,1321,,,,1331,,,,1346,,,,1401,,,,1421,,,,1431,,,,1446,,,,1501,,,,1520,,,,1531,,,,1546,,,,1601,,,,1621,,,,1632,,,,1647,,,,1701,,,,1722,,,,,1740,1735,,,1749,,,,1809,1802,,,1828,,,,,1845,1841,,,1852,,,,1911,,1906,,1928,,,,,,1944,1939,,,1958,,,,2010,,2005,,2028,,,2127,,2044,2039,,,,2053,,,,2110,2156,2105,,,,2231,,2144,2139,,,,,,2210,2258,2205,,,2225,,,2328,,2248,,,2,,2318,,,,,2350,26,,10,43,,,,,,,,
紀伊中ノ島,発,541,600,,,641,, ﾚ,,717,,,752, ﾚ,,,,736,,,821,, ﾚ,,853,,835,, ﾚ,,,, ﾚ,,,,, ﾚ,,,,903,950,,,,920,,,,,,,941,,,,,,,1000,1050,,,,,1022,,,,,1041,,,,,,1102,,,,,,1127,,,1137,,,,1152,,,,1204,,,,1223,,,,1234,,,,1249,,,,1304,,,,1324,,,,1334,,,,1349,,,,1404,,,,1424,,,,1434,,,,1449,,,,1504,,,,1523,,,,1534,,,,1549,,,,1604,,,,1624,,,,1635,,,,1650,,,,1705,,,,1725,,,,,1743, ﾚ,,,1752,,,,1812, ﾚ,,,1831,,,,,1848, ﾚ,,,1856,,,,1914,, ﾚ,,1931,,,,,,1947, ﾚ,,,2001,,,,2013,, ﾚ,,2031,,,2130,,2047, ﾚ,,,,2057,,,,2113,2159, ﾚ,,,,2234,,2147, ﾚ,,,,,,2213,2301, ﾚ,,, ﾚ,,,2331,, ﾚ,,,5,, ﾚ,,,,,2353,29,,13,46,,,,,,,,
和歌山,着,543,603,,,643,,649,,720,,,755,711,,,,738,,,823,,749,,855,,838,,817,,,,827,,,,,844,,,,905,952,,,,923,,,,,,,943,,,,,,,1002,1053,,,,,1024,,,,,1044,,,,,,1104,,,,,,1129,,,1139,,,,1155,,,,1207,,,,1226,,,,1237,,,,1252,,,,1307,,,,1326,,,,1337,,,,1352,,,,1407,,,,1426,,,,1437,,,,1452,,,,1507,,,,1525,,,,1537,,,,1552,,,,1607,,,,1626,,,,1638,,,,1653,,,,1707,,,,1727,,,,,1745,1740,,,1755,,,,1814,1807,,,1833,,,,,1851,1845,,,1858,,,,1917,,1910,,1933,,,,,,1949,1944,,,2004,,,,2015,,2009,,2033,,,2133,,2049,2044,,,,2059,,,,2116,2202,2110,,,,2236,,2150,2144,,,,,,2215,2304,2210,,,2230,,,2333,,2252,,,8,,2322,,,,,2356,31,,15,48,,,,,,,,
